100, Syed Atyab, syed.atyab@something.com, true
101, Abdullah, abc@something.com, true
102, Ameer, qwe@something.com, true
103, Noor, asd@something.com, true
104, Wasan, sdf@something.com, true
105, Bara'ah, rer.wwe@something.com, true
106, Fatima, 768uuui@something.com, true
107, Anwaar, hgjghj.ghjgh.ghjghj@something.com, true
108, Najla, bnmb.bnmbmbn.bnmbm@something.com, true
109, Marium, fgjfbnmghj@something.com, true
110, Malak, ghjgjghj@something.com, true
111, Mohammad Shibli, ghjghj_qwerwqer@something.com, true
112, Mehmood, mehmoodweoiruweioru.asdads_34@something.com, true